{"cameraMode":{"drawMode":0,"name":"Shaded","section":"Shading Mode"},"sceneLighting":false,"audioPlay":false,"sceneViewState":{"m_AlwaysRefresh":false,"showFog":true,"showSkybox":false,"showFlares":true,"showImageEffects":true,"showParticleSystems":true,"showVisualEffectGraphs":true,"m_FxEnabled":true},"in2DMode":false,"pivot":{"x":-2.9712789058685304,"y":0.7718584537506104,"z":2.5545268058776857},"rotation":{"x":0.17042097449302674,"y":0.33674749732017519,"z":-0.062116459012031558,"w":0.9239611625671387},"size":0.27386125922203066,"orthographic":false}