{"cameraMode":{"drawMode":0,"name":"Shaded","section":"Shading Mode"},"sceneLighting":false,"audioPlay":false,"sceneViewState":{"m_AlwaysRefresh":false,"showFog":true,"showSkybox":true,"showFlares":true,"showImageEffects":true,"showParticleSystems":true,"showVisualEffectGraphs":true,"m_FxEnabled":true},"in2DMode":false,"pivot":{"x":6.192959785461426,"y":0.4541743993759155,"z":1.3602455854415894},"rotation":{"x":0.11174694448709488,"y":0.12194883823394776,"z":-0.013676810078322888,"w":0.9862504601478577},"size":0.4200367033481598,"orthographic":false}