{"cameraMode":{"drawMode":0,"name":"Shaded","section":"Shading Mode"},"sceneLighting":false,"audioPlay":false,"sceneViewState":{"m_AlwaysRefresh":false,"showFog":true,"showSkybox":true,"showFlares":true,"showImageEffects":true,"showParticleSystems":true,"showVisualEffectGraphs":true,"m_FxEnabled":true},"in2DMode":false,"pivot":{"x":445.4874572753906,"y":502.12615966796877,"z":-710.7474365234375},"rotation":{"x":0.12794549763202668,"y":-0.041212256997823718,"z":0.0055649904534220699,"w":0.9910556674003601},"size":9.550000190734864,"orthographic":false}