{"cameraMode":{"drawMode":0,"name":"Shaded","section":"Shading Mode"},"sceneLighting":false,"audioPlay":false,"sceneViewState":{"m_AlwaysRefresh":false,"showFog":true,"showSkybox":true,"showFlares":true,"showImageEffects":true,"showParticleSystems":true,"showVisualEffectGraphs":true,"m_FxEnabled":true},"in2DMode":false,"pivot":{"x":19.93537712097168,"y":12.044541358947754,"z":-10.558403015136719},"rotation":{"x":0.1171354129910469,"y":-0.47368547320365908,"z":0.06387729942798615,"w":0.8706420063972473},"size":1.6450163125991822,"orthographic":false}