{"cameraMode":{"drawMode":0,"name":"Shaded","section":"Shading Mode"},"sceneLighting":false,"audioPlay":false,"sceneViewState":{"m_AlwaysRefresh":false,"showFog":true,"showSkybox":true,"showFlares":true,"showImageEffects":true,"showParticleSystems":true,"showVisualEffectGraphs":true,"m_FxEnabled":true},"in2DMode":false,"pivot":{"x":5.276595115661621,"y":8.430941581726075,"z":-13.603972434997559},"rotation":{"x":-0.1562386006116867,"y":0.022499749436974527,"z":-0.0035730397794395687,"w":-0.987598717212677},"size":0.03264032304286957,"orthographic":false}