{"cameraMode":{"drawMode":0,"name":"Shaded","section":"Shading Mode"},"sceneLighting":false,"audioPlay":false,"sceneViewState":{"m_AlwaysRefresh":false,"showFog":true,"showSkybox":true,"showFlares":true,"showImageEffects":true,"showParticleSystems":true,"showVisualEffectGraphs":true,"m_FxEnabled":true},"in2DMode":false,"pivot":{"x":2.8591468334198,"y":1.821829915046692,"z":1.4961518049240113},"rotation":{"x":0.28992539644241335,"y":0.030153267085552217,"z":-0.009096512570977211,"w":0.9565001130104065},"size":0.7071067690849304,"orthographic":false}