{"cameraMode":{"drawMode":0,"name":"Shaded","section":"Shading Mode"},"sceneLighting":false,"audioPlay":false,"sceneViewState":{"m_AlwaysRefresh":false,"showFog":true,"showSkybox":true,"showFlares":true,"showImageEffects":true,"showParticleSystems":true,"showVisualEffectGraphs":true,"m_FxEnabled":true},"in2DMode":false,"pivot":{"x":-1.9538222551345826,"y":1.0755817890167237,"z":1.3070969581604005},"rotation":{"x":0.2117522805929184,"y":0.22495608031749726,"z":-0.04995141550898552,"w":0.9498271346092224},"size":0.9208369255065918,"orthographic":false}