{"cameraMode":{"drawMode":0,"name":"Shaded","section":"Shading Mode"},"sceneLighting":false,"audioPlay":false,"sceneViewState":{"m_AlwaysRefresh":false,"showFog":true,"showSkybox":true,"showFlares":true,"showImageEffects":true,"showParticleSystems":true,"showVisualEffectGraphs":true,"m_FxEnabled":true},"in2DMode":false,"pivot":{"x":417.12286376953127,"y":816.7945556640625,"z":169.92689514160157},"rotation":{"x":-0.025756515562534334,"y":-0.05789121985435486,"z":0.001651095924898982,"w":-0.9980576038360596},"size":349.85711669921877,"orthographic":false}