{"cameraMode":{"drawMode":0,"name":"Shaded","section":"Shading Mode"},"sceneLighting":false,"audioPlay":false,"sceneViewState":{"m_AlwaysRefresh":false,"showFog":true,"showSkybox":true,"showFlares":true,"showImageEffects":true,"showParticleSystems":true,"showVisualEffectGraphs":true,"m_FxEnabled":true},"in2DMode":false,"pivot":{"x":1.7630550861358643,"y":5.507756233215332,"z":-8.411938667297364},"rotation":{"x":0.11399951577186585,"y":0.03428100794553757,"z":-0.003945660311728716,"w":0.9929659366607666},"size":0.9208369255065918,"orthographic":false}