{"cameraMode":{"drawMode":0,"name":"Shaded","section":"Shading Mode"},"sceneLighting":false,"audioPlay":false,"sceneViewState":{"m_AlwaysRefresh":false,"showFog":true,"showSkybox":true,"showFlares":true,"showImageEffects":true,"showParticleSystems":true,"showVisualEffectGraphs":true,"m_FxEnabled":true},"in2DMode":false,"pivot":{"x":5.351022243499756,"y":0.39531201124191286,"z":-0.13380563259124757},"rotation":{"x":0.06821311265230179,"y":-0.06401737034320831,"z":0.004431210458278656,"w":0.9957422614097595},"size":0.5992444157600403,"orthographic":false}