{"cameraMode":{"drawMode":0,"name":"Shaded","section":"Shading Mode"},"sceneLighting":false,"audioPlay":false,"sceneViewState":{"m_AlwaysRefresh":false,"showFog":true,"showSkybox":true,"showFlares":true,"showImageEffects":true,"showParticleSystems":true,"showVisualEffectGraphs":true,"m_FxEnabled":true},"in2DMode":false,"pivot":{"x":1.0086851119995118,"y":6.975816249847412,"z":-8.135001182556153},"rotation":{"x":-0.23494482040405274,"y":-0.033597737550735477,"z":0.007922617718577385,"w":-0.9713609218597412},"size":0.7568037509918213,"orthographic":false}