{"cameraMode":{"drawMode":0,"name":"Shaded","section":"Shading Mode"},"sceneLighting":false,"audioPlay":false,"sceneViewState":{"m_AlwaysRefresh":false,"showFog":true,"showSkybox":true,"showFlares":true,"showImageEffects":true,"showParticleSystems":true,"showVisualEffectGraphs":true,"m_FxEnabled":true},"in2DMode":false,"pivot":{"x":-4.352715969085693,"y":0.48527348041534426,"z":-1.0534329414367676},"rotation":{"x":-0.26824867725372317,"y":0.039577532559633258,"z":-0.011030411347746849,"w":-0.9624744057655335},"size":2.438312530517578,"orthographic":false}