{"cameraMode":{"drawMode":0,"name":"Shaded","section":"Shading Mode"},"sceneLighting":false,"audioPlay":false,"sceneViewState":{"m_AlwaysRefresh":false,"showFog":true,"showSkybox":true,"showFlares":true,"showImageEffects":true,"showParticleSystems":true,"showVisualEffectGraphs":true,"m_FxEnabled":true},"in2DMode":false,"pivot":{"x":8.619750022888184,"y":5.458348274230957,"z":-2.142462730407715},"rotation":{"x":0.14720503985881806,"y":-0.11688517034053803,"z":0.017701705917716028,"w":0.9820724725723267},"size":0.9208369255065918,"orthographic":false}