{"cameraMode":{"drawMode":0,"name":"Shaded","section":"Shading Mode"},"sceneLighting":false,"audioPlay":false,"sceneViewState":{"m_AlwaysRefresh":false,"showFog":true,"showSkybox":true,"showFlares":true,"showImageEffects":true,"showParticleSystems":true,"showVisualEffectGraphs":true,"m_FxEnabled":true},"in2DMode":false,"pivot":{"x":1.9267295598983765,"y":1.2516037225723267,"z":2.640857696533203},"rotation":{"x":0.18585576117038728,"y":0.4681588411331177,"z":-0.10136274993419647,"w":0.8579493165016174},"size":0.9208369255065918,"orthographic":false}