{"cameraMode":{"drawMode":0,"name":"Shaded","section":"Shading Mode"},"sceneLighting":false,"audioPlay":false,"sceneViewState":{"m_AlwaysRefresh":false,"showFog":true,"showSkybox":false,"showFlares":true,"showImageEffects":true,"showParticleSystems":true,"showVisualEffectGraphs":true,"m_FxEnabled":true},"in2DMode":false,"pivot":{"x":3.586925745010376,"y":0.842799186706543,"z":3.1288344860076906},"rotation":{"x":-0.010725883767008782,"y":0.8455999493598938,"z":0.016999585554003717,"w":0.5334485769271851},"size":0.1436140388250351,"orthographic":false}