{"cameraMode":{"drawMode":0,"name":"Shaded","section":"Shading Mode"},"sceneLighting":false,"audioPlay":false,"sceneViewState":{"m_AlwaysRefresh":false,"showFog":true,"showSkybox":false,"showFlares":true,"showImageEffects":true,"showParticleSystems":true,"showVisualEffectGraphs":true,"m_FxEnabled":true},"in2DMode":false,"pivot":{"x":3.771840810775757,"y":0.9309452176094055,"z":3.1489813327789308},"rotation":{"x":0.012267385609447956,"y":0.9847434163093567,"z":-0.07785633951425553,"w":0.15517742931842805},"size":0.1436140388250351,"orthographic":false}