{"cameraMode":{"drawMode":0,"name":"Shaded","section":"Shading Mode"},"sceneLighting":false,"audioPlay":false,"sceneViewState":{"m_AlwaysRefresh":false,"showFog":true,"showSkybox":false,"showFlares":true,"showImageEffects":true,"showParticleSystems":true,"showVisualEffectGraphs":true,"m_FxEnabled":true},"in2DMode":false,"pivot":{"x":-0.2771886885166168,"y":0.1295274943113327,"z":2.8934483528137209},"rotation":{"x":0.17042097449302674,"y":0.33674749732017519,"z":-0.062116459012031558,"w":0.9239611625671387},"size":0.17320501804351808,"orthographic":false}