{"cameraMode":{"drawMode":0,"name":"Shaded","section":"Shading Mode"},"sceneLighting":false,"audioPlay":false,"sceneViewState":{"m_AlwaysRefresh":false,"showFog":true,"showSkybox":false,"showFlares":true,"showImageEffects":true,"showParticleSystems":true,"showVisualEffectGraphs":true,"m_FxEnabled":true},"in2DMode":false,"pivot":{"x":0.20745766162872315,"y":0.3534835875034332,"z":3.11814546585083},"rotation":{"x":0.40044182538986208,"y":0.5992128849029541,"z":-0.5030776858329773,"w":0.47697967290878298},"size":0.17320501804351808,"orthographic":false}