{"cameraMode":{"drawMode":0,"name":"Shaded","section":"Shading Mode"},"sceneLighting":false,"audioPlay":false,"sceneViewState":{"m_AlwaysRefresh":false,"showFog":true,"showSkybox":false,"showFlares":true,"showImageEffects":true,"showParticleSystems":true,"showVisualEffectGraphs":true,"m_FxEnabled":true},"in2DMode":false,"pivot":{"x":3.6462831497192385,"y":0.8890403509140015,"z":2.1510210037231447},"rotation":{"x":0.0588894784450531,"y":-0.13226550817489625,"z":0.007559667807072401,"w":0.9895352125167847},"size":0.3905124366283417,"orthographic":false}