{"cameraMode":{"drawMode":0,"name":"Shaded","section":"Shading Mode"},"sceneLighting":false,"audioPlay":false,"sceneViewState":{"m_AlwaysRefresh":false,"showFog":true,"showSkybox":false,"showFlares":true,"showImageEffects":true,"showParticleSystems":true,"showVisualEffectGraphs":true,"m_FxEnabled":true},"in2DMode":false,"pivot":{"x":4.111392498016357,"y":0.7552704811096191,"z":2.5229368209838869},"rotation":{"x":0.0008502582204528153,"y":-0.737234354019165,"z":0.00044289082870818675,"w":0.6757850646972656},"size":0.3905124366283417,"orthographic":false}